DateTime,Entries,UniqueIPs
1653943678,80,82
1653947282,81,83
1653954477,82,84
1653965276,80,82
1653968881,81,83
1653972476,81,83
1653976075,82,84
1653979675,83,85
1653983280,85,87
1653986886,79,81
1653990480,80,82
1653994084,76,78
1653997681,77,79
1654001281,79,81
1654004879,80,82
1654008485,79,81
1654012078,77,79
1654019282,78,80
1654022886,78,80
1654026480,77,79
1654033684,75,76
1654037282,76,77
1654044473,75,76
1654048082,76,77
1654051681,76,77
1654058878,77,78
1654062482,79,80
1654069682,76,77
1654076882,77,78
1654080483,79,80
1654087680,79,80
1654091280,81,82
1654094886,83,84
1654102084,84,85
1654105688,82,83
1654109291,85,86
1654112892,84,85
1654116486,83,84
1654120081,83,84
1654123685,82,83
1654127281,84,85
1654130884,84,85
1654134486,85,86
1654138083,84,85
1654141681,86,87
1654145286,84,85
1654148887,86,87
1654156083,86,87
1654159692,87,88
1654163291,84,85
1654170484,83,84
1654174085,82,83
1654177692,83,84
1654181284,82,83
1654184886,81,82
1654188497,78,79
1654195682,75,76
1654199290,74,75
1654202889,75,76
1654206496,75,76
1654210091,76,78
1654217283,75,77
1654224482,76,78
1654228089,74,76
1654231682,73,75
1654238886,75,77
1654246094,76,78
1654260493,77,79
1654264097,75,77
1654267688,75,77
1654274888,73,75
1654283652,71,73
1654287490,72,74
1654301895,73,75
1654307286,72,74
1654310891,72,74
1654314487,69,71
1654318090,69,71
1654321693,71,73
1654328889,71,73
1654332493,71,73
1654336092,72,74
1654339691,72,73
1654343293,73,74
1654346893,72,73
1654350499,72,74
1654354101,73,75
1654357697,71,73
1654364892,69,71
1654368510,72,74
1654372089,71,73
1654379296,73,75
1654386495,75,77
1654390091,76,78
1654393696,76,77
1654400893,77,78
1654404489,76,77
1654408091,75,75
1654411696,75,75
1654422492,73,73
1654426095,74,74
1654429696,76,76
1654433294,77,77
1654440501,75,75
1654444101,74,74
1654451298,75,75
1654458496,74,74
1654462096,75,75
1654465697,72,72
1654472896,74,74
1654476499,74,74
1654480104,73,74
1654483693,74,75
1654490903,74,75
1654494271,75,76
1654497930,76,77
1654501542,76,77
1654508894,77,78
1654512496,76,77
1654516106,75,76
1654519698,74,75
1654523299,74,75
1654526899,73,74
1654530501,74,75
1654534098,75,76
1654537711,74,75
1654541300,77,78
1654552106,79,80
1654555705,78,79
1654562906,77,78
1654566499,78,79
1654570102,79,80
1654573705,77,79
1654580902,74,76
1654584499,72,74
1654588098,70,72
1654591704,72,74
1654595299,74,76
1654598901,74,76
1654602497,73,75
1654609702,74,76
1654613305,74,76
1654620503,72,74
1654624103,73,75
1654627707,74,76
1654631305,73,75
1654638509,73,75
1654645703,75,77
1654649311,75,77
1654652908,73,74
1654656495,74,75
1654660102,73,74
1654663707,74,75
1654667312,76,77
1654670904,77,78
1654674512,78,79
1654678099,80,81
1654681709,78,79
1654688899,79,80
1654692502,80,81
1654699704,79,80
1654703300,77,78
1654710504,76,77
1654714108,76,77
1654717702,75,76
1654724910,74,75
1654732099,72,73
1654735708,73,74
1654739301,73,74
1654746501,74,75
1654750103,74,75
1654753704,73,74
1654757300,74,75
1654760908,73,74
1654764503,72,73
1654768105,74,75
1654771705,75,76
1654775300,75,76
1654778906,76,77
1654782507,73,74
1654786107,74,75
1654793303,75,76
1654800503,76,77
1654804104,76,77
1654807700,77,78
1654811305,78,79
1654814909,77,78
1654818502,75,76
1654822097,77,78
1654825698,78,79
1654829296,79,80
1654832901,75,76
1654836509,76,77
1654840101,76,77
1654843701,78,79
1654847301,79,80
1654850903,80,81
1654858105,80,81
1654861699,81,82
1654865309,81,82
1654868901,82,83
1654872505,83,84
1654876101,81,82
1654879706,83,84
1654883307,85,86
1654886906,84,85
1654890507,85,86
1654894103,82,83
1654897706,81,82
1654901313,82,83
1654904898,83,84
1654908500,82,83
1654912102,82,83
1654915700,79,79
1654919302,80,80
1654922905,75,75
1654926504,76,76
1654930105,75,75
1654937308,75,75
1654940900,74,74
1654944502,74,74
1654948099,74,75
1654951704,75,76
1654955305,75,76
1654958900,78,79
1654962505,77,78
1654966105,75,76
1654969697,72,73
1654976907,71,72
1654980507,71,72
1654984107,71,72
1654987704,70,71
1654994903,70,71
1654998496,71,72
1655002099,73,74
1655005701,74,75
1655009301,75,76
1655012902,72,73
1655016502,73,74
1655020098,73,74
1655027302,71,72
1655030900,73,74
1655034497,73,74
1655038107,73,74
1655041701,76,76
1655045302,76,76
1655048906,77,77
1655052503,75,75
1655056108,76,76
1655059704,75,75
1655063302,76,76
1655066911,75,75
1655070510,75,75
1655074108,77,78
1655077701,75,76
1655081302,76,77
1655084899,74,75
1655088504,72,73
1655092099,73,74
1655095700,76,77
1655102899,76,77
1655106510,77,79
1655117309,77,79
1655120907,79,81
1655124510,80,82
1655131701,81,83
1655135300,79,81
1655142509,78,80
1655146108,77,79
1655149709,77,79
1655153301,79,81
1655160508,80,82
1655164099,79,81
1655167700,77,79
1655171302,79,81
1655182118,78,80
1655185704,77,79
1655189306,79,81
1655192908,79,81
1655196501,79,81
1655200107,79,81
1655203704,79,81
1655207302,80,82
1655210902,82,84
1655214496,81,83
1655218101,78,81
1655221702,76,79
1655225304,78,81
1655236108,79,82
1655239704,80,82
1655243308,77,79
1655246905,77,80
1655250501,76,79
1655254101,77,79
1655257704,78,80
1655264899,76,78
1655268503,78,80
1655275701,76,78
1655279312,75,77
1655282898,80,82
1655286505,79,81
1655290102,80,82
1655293708,82,84
1655297300,83,85
1655300906,83,85
1655304501,85,87
1655311706,86,88
1655315300,88,90
1655322502,89,91
1655326106,87,89
1655329709,90,92
1655333308,90,91
1655336903,89,90
1655340503,88,89
1655344099,88,89
1655347710,86,87
1655354901,85,86
1655362103,85,86
1655365706,88,89
1655369302,81,82
1655376503,81,82
1655380102,80,81
1655383700,76,77
1655387302,79,80
1655390896,79,80
1655394506,80,81
1655398105,81,82
1655401706,80,81
1655405308,82,83
1655408908,82,83
1655412505,85,86
1655416109,88,89
1655419709,87,88
1655423304,86,87
1655426902,86,87
1655434105,85,86
1655444900,84,85
1655448503,83,84
1655452103,86,87
1655459303,84,85
1655462899,79,80
1655466511,82,83
1655470098,79,80
1655473713,82,83
1655480901,79,80
1655484505,76,77
1655488103,78,79
1655491705,78,79
1655495307,79,80
1655502508,81,82
1655506103,81,82
1655509707,81,83
1655516901,82,84
1655520505,82,84
1655524100,81,83
1655531301,80,82
1655534906,81,83
1655542107,80,82
1655545707,79,81
1655549304,80,82
1655552909,78,80
1655560102,80,82
1655563705,82,84
1655567295,83,85
1655570905,85,87
1655574503,87,89
1655578099,86,88
1655581710,85,87
1655585307,86,88
1655588907,84,86
1655599699,84,85
1655606900,83,84
1655617698,86,87
1655621305,88,89
1655624902,89,90
1655628509,88,89
1655632102,87,88
1655635712,87,89
1655639304,87,89
1655650101,82,84
1655653700,80,82
1655657303,83,85
1655660896,81,83
1655668109,80,82
1655671712,80,82
1655675306,76,78
1655678906,77,79
1655682509,79,81
1655686096,78,80
1655689706,76,78
1655696900,76,77
1655700288,77,78
1655707538,75,76
1655711098,75,77
1655722099,76,77
1655729310,77,78
1655732903,78,79
1655736503,79,80
1655740102,80,81
1655743710,78,79
1655747304,76,77
1655750906,79,80
1655754504,78,79
1655758103,79,80
1655761698,81,82
1655765299,80,81
1655768910,82,83
1655772494,81,82
1655776102,82,83
1655779708,81,82
1655783301,84,85
1655786904,85,86
1655790509,82,83
1655794102,83,84
1655797700,83,84
1655801303,84,85
1655804905,85,86
1655808503,84,85
1655812100,84,85
1655815704,85,86
1655819305,87,88
1655822903,88,89
1655826504,89,91
1655830099,88,90
1655837305,87,89
1655848112,85,87
1655851703,86,88
1655855300,88,90
1655858902,89,91
1655862502,90,92
1655866095,89,91
1655869694,88,90
1655873303,85,87
1655876904,84,86
1655880504,86,88
1655884105,82,84
1655887706,82,84
1655891298,83,85
1655894902,81,83
1655898498,82,84
1656009181,23,23
1656012782,31,31
1656016383,35,35
1656019983,40,40
1656023581,43,43
1656030783,46,47
1656034381,49,50
1656037983,51,52
1656041584,53,54
1656045182,59,60
1656048784,61,62
1656053299,65,66
1656056900,69,70
1656064100,71,73
1656067699,72,74
1656074908,73,75
1656078504,74,76
1656085708,77,79
1656096507,78,80
1656100097,80,82
1656103703,79,81
1656107303,80,82
1656110904,81,83
1656114500,82,84
1656121697,85,87
1656125304,86,88
1656128903,85,87
1656132507,82,84
1656136097,83,85
1656139699,84,86
1656143295,83,85
1656154107,83,85
1656157700,84,86
1656161309,85,87
1656168500,86,88
1656172110,86,88
1656179309,87,89
1656190103,86,88
1656193701,85,87
1656199984,82,84
1656210784,81,83
1656214384,80,82
1656217981,77,79
1656221582,75,76
1656225182,73,74
1656228784,72,73
1656235981,71,72
1656239582,69,70
1656243183,68,69
1656246781,66,67
1656250381,62,63
1656253981,61,62
1656257581,57,58
1656261182,55,56
1656264781,52,53
1656268381,50,51
1656271982,46,47
1656275581,40,41
1656279181,34,35
1656282782,25,25
